"Date","MasterCard_Forecast","Visa_Forecast"
3238,384.166699034745,222.481029806447
3239,387.536895063257,222.086715779999
3240,390.827453970661,222.258813865495
3241,394.652164468411,221.799248471944
3242,398.227082213047,221.972370540494
3243,401.770641668892,221.641320580129
3244,405.362535282008,221.657730677166
3245,408.896989885491,221.550169437136
3246,412.488080798024,221.378449216419
3247,416.073233891256,221.45796646412
3248,419.641247382812,221.183667784064
3249,423.216725983423,221.327828284092
3250,426.788360057276,221.082638151125
3251,430.362666553225,221.165955873144
3252,433.938967762614,221.046192359507
3253,437.512775243842,221.008110687664
3254,441.086902989251,221.028913145799
3255,444.661106647542,220.892923096639
3256,448.235306079173,220.995788063382
3257,451.809828276315,220.839155209548
3258,455.384150151399,220.937968663905
3259,458.958405492276,220.838444382214
3260,462.532710732753,220.871268763652
3261,466.107008966749,220.864332165825
3262,469.681335766632,220.821685357396
3263,473.25565491825,220.889386586315
3264,476.829958106961,220.80840421057
3265,480.404266695501,220.899487048298
3266,483.978576558877,220.834008745707
3267,487.552888042198,220.898085069364
3268,491.127199919616,220.885744304084
3269,494.701509782919,220.900142362039
3270,498.275819780772,220.944915930751
3271,501.850130230074,220.921109314395
3272,505.424440767724,220.997674672752
3273,508.998751387957,220.967917295513
3274,512.573061824065,221.04105442381
3275,516.147372208222,221.036460405432
3276,519.721682661182,221.081936144543
3277,523.295993130306,221.115619691219
3278,526.870303604639,221.130922438144
3279,530.444614064998,221.19432300036
3280,534.018924514187,221.195467590609
3281,537.593234970225,221.267194038853
3282,541.167545430069,221.2761366122
3283,544.741855889976,221.336006411243
3284,548.316166348753,221.367388658511
3285,551.890476806068,221.40699609611
3286,555.46478726382,221.461544524173
3287,559.039097722227,221.486322392042
3288,562.613408180655,221.553140872121
3289,566.187718638954,221.576510565388
3290,569.762029097095,221.641228241154
3291,573.336339555242,221.675605906855
3292,576.910650013476,221.728778227464
3293,580.484960471724,221.778949354331
3294,584.059270929955,221.820102149685
3295,587.633581388169,221.882080820775
3296,591.20789184638,221.918080694128
3297,594.7822023046,221.982965871069
3298,598.356512762824,222.022744008719
3299,601.930823221046,222.082472435865
3300,605.505133679266,222.131698840026
3301,609.079444137486,222.183190235307
3302,612.653754595706,222.241797223903
3303,616.228065053927,222.287566219283
3304,619.802375512148,222.350889826874
3305,623.376685970369,222.39650434696
3306,626.95099642859,222.458694454847
3307,630.52530688681,222.509094720153
3308,634.099617345031,222.566485869633
3309,637.673927803252,222.623390389803
3310,641.248238261472,222.676011900522
3311,644.822548719693,222.73759829468
3312,648.396859177914,222.788379063721
3313,651.971169636134,222.850953905064
3314,655.545480094355,222.903517700398
3315,659.119790552576,222.963868078752
3316,662.694101010796,223.020399321796
3317,666.268411469017,223.077412526436
3318,669.842721927238,223.13773598867
3319,673.417032385458,223.192555802588
3320,676.991342843679,223.254684546548
3321,680.5656533019,223.309614108931
3322,684.139963760121,223.371172153852
3323,687.714274218341,223.428171103469
3324,691.288584676562,223.48774238231
3325,694.862895134783,223.547415248729
3326,698.437205593003,223.605101633951
3327,702.011516051224,223.666627111397
3328,705.585826509445,223.723672018298
3329,709.160136967665,223.78552165011
3330,712.734447425886,223.843391647381
3331,716.308757884107,223.904288701893
3332,719.883068342327,223.963820524823
3333,723.457378800548,224.023370260242
3334,727.031689258769,224.084432704407
3335,730.605999716989,224.143148190635
3336,734.18031017521,224.204898413244
3337,737.754620633431,224.26372964096
3338,741.328931091651,224.325204876877
3339,744.903241549872,224.38492667188
3340,748.477552008093,224.445582611873
3341,752.051862466313,224.506401818402
3342,755.626172924534,224.566316215337
3343,759.200483382755,224.627866988034
3344,762.774793840975,224.687565433203
3345,766.349104299196,224.749216877709
3346,769.923414757417,224.809291371158
3347,773.497725215638,224.870537586696
3348,777.072035673858,224.93130655648
3349,780.646346132079,224.992010788422
3350,784.2206565903,225.053396604263
3351,787.79496704852,225.113786396347
3352,791.369277506741,225.175432936199
3353,794.943587964962,225.235899060423
3354,798.517898423182,225.297417103705
3355,802.092208881403,225.358264872618
3356,805.666519339624,225.419446369405
3357,809.240829797844,225.480743817266
3358,812.815140256065,225.541635016864
3359,816.389450714286,225.603220755703
3360,819.963761172506,225.664042937095
3361,823.538071630727,225.725657203332
3362,827.112382088948,225.786648707294
3363,830.686692547168,225.848091634995
3364,834.261003005389,225.909372741543
3365,837.83531346361,225.970598475023
3366,841.40962392183,226.032127807135
3367,844.983934380051,226.093236302048
3368,848.558244838272,226.154863935274
3369,852.132555296492,226.216015500389
3370,855.706865754713,226.277584447646
3371,859.281176212934,226.338898948744
3372,862.855486671154,226.400330188515
3373,866.429797129375,226.461828676426
3374,870.004107587596,226.523146892688
3375,873.578418045817,226.584758757277
3376,877.152728504037,226.646056762933
3377,880.727038962258,226.707675307698
3378,884.301349420479,226.76904880126
3379,887.875659878699,226.830595312038
3380,891.44997033692,226.892089334124
3381,895.024280795141,226.953549157071
3382,898.598591253361,227.015142927424
3383,902.172901711582,227.076559614221
3384,905.747212169803,227.138190228788
3385,909.321522628023,227.199629369555
3386,912.895833086244,227.261233657708
3387,916.470143544465,227.322742126547
3388,920.044454002685,227.38429028949
3389,923.618764460906,227.445873931311
3390,927.193074919127,227.507378360497
3391,930.767385377347,227.569006500701
3392,934.341695835568,227.630505988743
3393,937.916006293789,227.692134905407
3394,941.490316752009,227.75366777072
3395,945.06462721023,227.81526656595
3396,948.638937668451,227.876849502062
3397,952.213248126671,227.938413847089
3398,955.787558584892,228.000036813164
3399,959.361869043113,228.061585549687
3400,962.936179501334,228.123222236254
3401,966.510489959554,228.184782129909
3402,970.084800417775,228.246407177756
3403,973.659110875996,228.307996480532
3404,977.233421334216,228.369598745588
3405,980.807731792437,228.431218722222
3406,984.382042250658,228.492804183393
3407,987.956352708878,228.554441590626
3408,991.530663167099,228.616026407936
3409,995.10497362532,228.677663370711
3410,998.67928408354,228.739262843125
3411,1002.25359454176,228.800887275678
3412,1005.82790499998,228.862507513853
3413,1009.4022154582,228.924118319591
3414,1012.97652591642,228.985754602112
3415,1016.55083637464,229.047359881601
3416,1020.12514683286,229.109001237271
3417,1023.69945729109,229.170611884294
3418,1027.27376774931,229.232248157473
3419,1030.84807820753,229.293871245755
3420,1034.42238866575,229.355498309266
3421,1037.99669912397,229.417133898655
3422,1041.57100958219,229.478754558009
3423,1045.14532004041,229.540396962264
3424,1048.71963049863,229.602017927929
3425,1052.29394095685,229.663659855624
3426,1055.86825141507,229.72528721758
3427,1059.44256187329,229.786923959166
3428,1063.01687233151,229.848559919938
3429,1066.59118278973,229.910191298961
3430,1070.16549324795,229.971833683014
3431,1073.73980370617,230.033463162688
3432,1077.3141141644,230.095107407827
3433,1080.88842462262,230.156739410358
3434,1084.46273508084,230.218381459565
3435,1088.03704553906,230.28001871223
3436,1091.61135599728,230.341657054759
3437,1095.1856664555,230.403299396582
3438,1098.75997691372,230.464935321775
3439,1102.33428737194,230.526580323225
3440,1105.90859783016,230.588216609102
3441,1109.48290828838,230.649861302561
3442,1113.0572187466,230.711500365723
3443,1116.63152920482,230.773142923448
3444,1120.20583966304,230.834785542219
3445,1123.78015012126,230.896426001568
3446,1127.35446057948,230.95807118918
3447,1130.92877103771,231.019711023292
3448,1134.50308149593,231.081356887697
3449,1138.07739195415,231.142997886969
3450,1141.65170241237,231.204642811556
3451,1145.22601287059,231.266286021392
3452,1148.80032332881,231.327929461007
3453,1152.37463378703,231.389574740541
3454,1155.94894424525,231.451217278214
3455,1159.52325470347,231.512863593987
3456,1163.09756516169,231.574506376369
3457,1166.67187561991,231.636152523223
3458,1170.24618607813,231.697796506082
3459,1173.82049653635,231.759441777818
3460,1177.39480699457,231.821087229028
3461,1180.96911745279,231.882731684893
3462,1184.54342791102,231.944378162507
3463,1188.11773836924,232.006022426233
3464,1191.69204882746,232.067669147575
3465,1195.26635928568,232.129313942088
3466,1198.8406697439,232.190960264663
3467,1202.41498020212,232.252605988049
3468,1205.98929066034,232.314251718654
3469,1209.56360111856,232.375898283012
3470,1213.13791157678,232.437543681872
3471,1216.712222035,232.499190649366
3472,1220.28653249322,232.560836188409
3473,1223.86084295144,232.622483070694
3474,1227.43515340966,232.684129126591
3475,1231.00946386788,232.745775652129
3476,1234.58377432611,232.807422313706
3477,1238.15808478433,232.869068524328
3478,1241.73239524255,232.930715595695
3479,1245.30670570077,232.992361754364
3480,1248.88101615899,233.05400891255
3481,1252.45532661721,233.11565531037
3482,1256.02963707543,233.177302300713
3483,1259.60394753365,233.238949088131
3484,1263.17825799187,233.300595843759
3485,1266.75256845009,233.362242972624
3486,1270.32687890831,233.423889608435
3487,1273.90118936653,233.485536893937
3488,1277.47549982475,233.547183603615
3489,1281.04981028297,233.608830848305
3490,1284.62412074119,233.670477779736
3491,1288.19843119942,233.732124879764
3492,1291.77274165764,233.793772060774
3493,1295.34705211586,233.855419040271
3494,1298.92136257408,233.91706638479
3495,1302.4956730323,233.97871335418
3496,1306.06998349052,234.040360729248
3497,1309.64429394874,234.102007805422
3498,1313.21860440696,234.163655110384
3499,1316.79291486518,234.2253023497
3500,1320.3672253234,234.286949562147
3501,1323.94153578162,234.348596940007
3502,1327.51584623984,234.410244110211
3503,1331.09015669806,234.471891548875
3504,1334.66446715628,234.533538756103
3505,1338.2387776145,234.59518617591
3506,1341.81308807273,234.656833477987
3507,1345.38739853095,234.718480839459
3508,1348.96170898917,234.780128244286
3509,1352.53601944739,234.841775560085
3510,1356.11032990561,234.903423030127
3511,1359.68464036383,234.965070346448
3512,1363.25895082205,235.026717827092
3513,1366.83326128027,235.088365190736
3514,1370.40757173849,235.150012642316
3515,1373.98188219671,235.211660074176
3516,1377.55619265493,235.273307489531
3517,1381.13050311315,235.334954977578
3518,1384.70481357137,235.396602378531
3519,1388.27912402959,235.458249890167
3520,1391.85343448782,235.51989730907
3521,1395.42774494604,235.581544812228
3522,1399.00205540426,235.643192271589
3523,1402.57636586248,235.704839751362
3524,1406.1506763207,235.766487252993
3525,1409.72498677892,235.828134715666
3526,1413.29929723714,235.889782243302
3527,1416.87360769536,235.951429708134
3528,1420.44791815358,236.013077239394
3529,1424.0222286118,236.074724725065
3530,1427.59653907002,236.136372244365
3531,1431.17084952824,236.198019758522
3532,1434.74515998646,236.259667263744
3533,1438.31947044468,236.321314800681
3534,1441.8937809029,236.382962301233
3535,1445.46809136113,236.444609847321
3536,1449.04240181935,236.506257356371
3537,1452.61671227757,236.56790489873
3538,1456.19102273579,236.629552424995
3539,1459.76533319401,236.691199958039
3540,1463.33964365223,236.752847501683
3541,1466.91395411045,236.814495028421
3542,1470.48826456867,236.876142582435
3543,1474.06257502689,236.937790110867
3544,1477.63688548511,236.9994376661
3545,1481.21119594333,237.061085203659
3546,1484.78550640155,237.122732754006
3547,1488.35981685977,237.184380303448
3548,1491.93412731799,237.246027848372
3549,1495.50843777621,237.307675407047
3550,1499.08274823444,237.369322950579
3551,1502.65705869266,237.430970512806
3552,1506.23136915088,237.49261806029
3553,1509.8056796091,237.554265620907
3554,1513.37999006732,237.6159131757
3555,1516.95430052554,237.677560732633
3556,1520.52861098376,237.739208294568
3557,1524.10292144198,237.800855849219
3558,1527.6772319002,237.862503415292
3559,1531.25154235842,237.924150970974
3560,1534.82585281664,237.985798537448
3561,1538.40016327486,238.04744609711
3562,1541.97447373308,238.109093661605
3563,1545.5487841913,238.170741226218
3564,1549.12309464953,238.232388788645
3565,1552.69740510775,238.294036357001
3566,1556.27171556597,238.355683919078
3567,1559.84602602419,238.417331488815
3568,1563.42033648241,238.478979052703
3569,1566.99464694063,238.540626621756
3570,1570.56895739885,238.602274188743
3571,1574.14326785707,238.663921756351
3572,1577.71757831529,238.725569326271
3573,1581.29188877351,238.787216893074
3574,1584.86619923173,238.848864464646
3575,1588.44050968995,238.910512032012
3576,1592.01482014817,238.972159603714
3577,1595.58913060639,239.033807172808
3578,1599.16344106461,239.095454743715
3579,1602.73775152284,239.15710231487
3580,1606.31206198106,239.218749884999
3581,1609.88637243928,239.280397457672
3582,1613.4606828975,239.342045027749
3583,1617.03499335572,239.40369260096
3584,1620.60930381394,239.46534017186
3585,1624.18361427216,239.526987744784
3586,1627.75792473038,239.588635316995
3587,1631.3322351886,239.650282889358
3588,1634.90654564682,239.711930462773
3589,1638.48085610504,239.773578034862
3590,1642.05516656326,239.835225608938
3591,1645.62947702148,239.896873181315
3592,1649.2037874797,239.958520755433
3593,1652.77809793792,240.020168328558
3594,1656.35240839615,240.081815902359
3595,1659.92671885437,240.143463476343
3596,1663.50102931259,240.205111049854
3597,1667.07533977081,240.266758624453
3598,1670.64965022903,240.328406197984
3599,1674.22396068725,240.390053772793
3600,1677.79827114547,240.451701346693
3601,1681.37258160369,240.513348921384
3602,1684.94689206191,240.574996495838
3603,1688.52120252013,240.636644070313
3604,1692.09551297835,240.698291645261
3605,1695.66982343657,240.759939219648
3606,1699.24413389479,240.821586794861
3607,1702.81844435301,240.883234369391
3608,1706.39275481123,240.944881944617
3609,1709.96706526946,241.006529519469
3610,1713.54137572768,241.068177094571
3611,1717.1156861859,241.12982466978
3612,1720.68999664412,241.191472244776
3613,1724.26430710234,241.253119820235
3614,1727.83861756056,241.314767395255
3615,1731.41292801878,241.376414970796
3616,1734.987238477,241.438062545982
3617,1738.56154893522,241.499710121475
3618,1742.13585939344,241.561357696894
3619,1745.71016985166,241.623005272306
3620,1749.28448030988,241.684652847928
3621,1752.8587907681,241.746300423314
3622,1756.43310122632,241.807947999042
3623,1760.00741168455,241.869595574496
3624,1763.58172214277,241.931243150229
3625,1767.15603260099,241.992890725822
3626,1770.73034305921,242.054538301506
3627,1774.30465351743,242.116185877247
3628,1777.87896397565,242.177833452894
3629,1781.45327443387,242.239481028737
3630,1785.02758489209,242.3011286044
3631,1788.60189535031,242.362776180276
3632,1792.17620580853,242.424423756012
3633,1795.75051626675,242.486071331869
3634,1799.32482672497,242.547718907704
3635,1802.89913718319,242.60936648353
3636,1806.47344764141,242.671014059448
3637,1810.04775809963,242.732661635268
3638,1813.62206855786,242.794309211229
3639,1817.19637901608,242.855956787081
3640,1820.7706894743,242.917604363044
3641,1824.34499993252,242.979251938955
3642,1827.91931039074,243.0408995149
3643,1831.49362084896,243.102547090873
3644,1835.06793130718,243.164194666804
3645,1838.6422417654,243.225842242819
3646,1842.21655222362,243.28748981876
3647,1845.79086268184,243.349137394787
3648,1849.36517314006,243.410784970761
3649,1852.93948359828,243.472432546781
3650,1856.5137940565,243.534080122796
3651,1860.08810451472,243.595727698804
3652,1863.66241497294,243.657375274854
3653,1867.23672543117,243.719022850862
3654,1870.81103588939,243.780670426928
3655,1874.38534634761,243.842318002951
3656,1877.95965680583,243.903965579018
3657,1881.53396726405,243.965613155067
3658,1885.10827772227,244.027260731127
3659,1888.68258818049,244.088908307201
3660,1892.25689863871,244.150555883257
3661,1895.83120909693,244.212203459348
3662,1899.40551955515,244.273851035409
3663,1902.97983001337,244.335498611505
3664,1906.55414047159,244.397146187581
3665,1910.12845092981,244.458793763674
3666,1913.70276138803,244.520441339767
3667,1917.27707184626,244.582088915856
3668,1920.85138230448,244.643736491963
3669,1924.4256927627,244.705384068053
3670,1928.00000322092,244.767031644167
3671,1931.57431367914,244.828679220264
3672,1935.14862413736,244.890326796378
3673,1938.72293459558,244.951974372485
3674,1942.2972450538,245.013621948597
3675,1945.87155551202,245.075269524715
3676,1949.44586597024,245.136917100826
3677,1953.02017642846,245.198564676951
3678,1956.59448688668,245.260212253064
3679,1960.1687973449,245.321859829191
3680,1963.74310780312,245.38350740531
3681,1967.31741826134,245.445154981437
3682,1970.89172871957,245.506802557563
3683,1974.46603917779,245.568450133688
3684,1978.04034963601,245.630097709821
3685,1981.61466009423,245.691745285946
3686,1985.18897055245,245.753392862081
3687,1988.76328101067,245.81504043821
3688,1992.33759146889,245.876688014345
3689,1995.91190192711,245.938335590478
3690,1999.48621238533,245.999983166613
3691,2003.06052284355,246.06163074275
3692,2006.63483330177,246.123278318884
3693,2010.20914375999,246.184925895025
3694,2013.78345421821,246.24657347116
3695,2017.35776467643,246.308221047302
3696,2020.93207513465,246.36986862344
3697,2024.50638559288,246.431516199581
3698,2028.0806960511,246.493163775722
3699,2031.65500650932,246.554811351862
3700,2035.22931696754,246.616458928006
3701,2038.80362742576,246.678106504147
3702,2042.37793788398,246.739754080292
3703,2045.9522483422,246.801401656434
3704,2049.52655880042,246.863049232579
3705,2053.10086925864,246.924696808723
3706,2056.67517971686,246.986344384868
3707,2060.24949017508,247.047991961014
3708,2063.8238006333,247.109639537158
3709,2067.39811109152,247.171287113305
3710,2070.97242154974,247.232934689451
3711,2074.54673200797,247.294582265598
3712,2078.12104246619,247.356229841745
3713,2081.69535292441,247.417877417892
3714,2085.26966338263,247.47952499404
3715,2088.84397384085,247.541172570187
3716,2092.41828429907,247.602820146336
3717,2095.99259475729,247.664467722483
3718,2099.56690521551,247.726115298632
3719,2103.14121567373,247.78776287478
3720,2106.71552613195,247.84941045093
3721,2110.28983659017,247.911058027078
3722,2113.86414704839,247.972705603228
3723,2117.43845750661,248.034353179377
3724,2121.01276796483,248.096000755526
3725,2124.58707842305,248.157648331677
3726,2128.16138888128,248.219295907826
3727,2131.7356993395,248.280943483976
3728,2135.31000979772,248.342591060126
3729,2138.88432025594,248.404238636277
3730,2142.45863071416,248.465886212427
3731,2146.03294117238,248.527533788577
3732,2149.6072516306,248.589181364728
3733,2153.18156208882,248.650828940879
3734,2156.75587254704,248.71247651703
3735,2160.33018300526,248.77412409318
3736,2163.90449346348,248.835771669331
3737,2167.4788039217,248.897419245482
3738,2171.05311437992,248.959066821634
3739,2174.62742483814,249.020714397785
3740,2178.20173529636,249.082361973936
3741,2181.77604575459,249.144009550088
3742,2185.35035621281,249.205657126239
3743,2188.92466667103,249.26730470239
3744,2192.49897712925,249.328952278542
3745,2196.07328758747,249.390599854693
3746,2199.64759804569,249.452247430845
3747,2203.22190850391,249.513895006997
3748,2206.79621896213,249.575542583149
3749,2210.37052942035,249.6371901593
3750,2213.94483987857,249.698837735452
3751,2217.51915033679,249.760485311604
3752,2221.09346079501,249.822132887756
3753,2224.66777125323,249.883780463908
3754,2228.24208171145,249.94542804006
3755,2231.81639216968,250.007075616212
3756,2235.3907026279,250.068723192364
3757,2238.96501308612,250.130370768516
3758,2242.53932354434,250.192018344668
3759,2246.11363400256,250.25366592082
3760,2249.68794446078,250.315313496972
3761,2253.262254919,250.376961073124
3762,2256.83656537722,250.438608649277
3763,2260.41087583544,250.500256225429
3764,2263.98518629366,250.561903801581
3765,2267.55949675188,250.623551377733
3766,2271.1338072101,250.685198953886
3767,2274.70811766832,250.746846530038
3768,2278.28242812654,250.80849410619
3769,2281.85673858476,250.870141682343
3770,2285.43104904299,250.931789258495
3771,2289.00535950121,250.993436834647
3772,2292.57966995943,251.0550844108
3773,2296.15398041765,251.116731986952
3774,2299.72829087587,251.178379563104
3775,2303.30260133409,251.240027139257
3776,2306.87691179231,251.301674715409
3777,2310.45122225053,251.363322291562
3778,2314.02553270875,251.424969867714
3779,2317.59984316697,251.486617443866
3780,2321.17415362519,251.548265020019
3781,2324.74846408341,251.609912596171
3782,2328.32277454163,251.671560172324
3783,2331.89708499985,251.733207748476
3784,2335.47139545807,251.794855324629
3785,2339.0457059163,251.856502900781
3786,2342.62001637452,251.918150476934
3787,2346.19432683274,251.979798053086
3788,2349.76863729096,252.041445629239
3789,2353.34294774918,252.103093205391
3790,2356.9172582074,252.164740781544
3791,2360.49156866562,252.226388357696
3792,2364.06587912384,252.288035933849
3793,2367.64018958206,252.349683510001
3794,2371.21450004028,252.411331086154
3795,2374.7888104985,252.472978662307
3796,2378.36312095672,252.534626238459
3797,2381.93743141494,252.596273814612
3798,2385.51174187316,252.657921390764
3799,2389.08605233138,252.719568966917
3800,2392.66036278961,252.781216543069
3801,2396.23467324783,252.842864119222
3802,2399.80898370605,252.904511695374
3803,2403.38329416427,252.966159271527
3804,2406.95760462249,253.02780684768
3805,2410.53191508071,253.089454423832
3806,2414.10622553893,253.151101999985
3807,2417.68053599715,253.212749576137
3808,2421.25484645537,253.27439715229
3809,2424.82915691359,253.336044728443
3810,2428.40346737181,253.397692304595
3811,2431.97777783003,253.459339880748
3812,2435.55208828825,253.5209874569
3813,2439.12639874647,253.582635033053
3814,2442.7007092047,253.644282609206
3815,2446.27501966292,253.705930185358
3816,2449.84933012114,253.767577761511
3817,2453.42364057936,253.829225337663
3818,2456.99795103758,253.890872913816
3819,2460.5722614958,253.952520489969
3820,2464.14657195402,254.014168066121
3821,2467.72088241224,254.075815642274
3822,2471.29519287046,254.137463218426
3823,2474.86950332868,254.199110794579
3824,2478.4438137869,254.260758370732
3825,2482.01812424512,254.322405946884
3826,2485.59243470334,254.384053523037
3827,2489.16674516156,254.445701099189
3828,2492.74105561978,254.507348675342
3829,2496.31536607801,254.568996251495
3830,2499.88967653623,254.630643827647
3831,2503.46398699445,254.6922914038
3832,2507.03829745267,254.753938979952
3833,2510.61260791089,254.815586556105
3834,2514.18691836911,254.877234132258
3835,2517.76122882733,254.93888170841
3836,2521.33553928555,255.000529284563
3837,2524.90984974377,255.062176860716
3838,2528.48416020199,255.123824436868
3839,2532.05847066021,255.185472013021
3840,2535.63278111843,255.247119589173
3841,2539.20709157665,255.308767165326
3842,2542.78140203487,255.370414741479
3843,2546.35571249309,255.432062317631
3844,2549.93002295132,255.493709893784
3845,2553.50433340954,255.555357469936
3846,2557.07864386776,255.617005046089
3847,2560.65295432598,255.678652622242
3848,2564.2272647842,255.740300198394
3849,2567.80157524242,255.801947774547
3850,2571.37588570064,255.8635953507
3851,2574.95019615886,255.925242926852
3852,2578.52450661708,255.986890503005
3853,2582.0988170753,256.048538079157
3854,2585.67312753352,256.11018565531
3855,2589.24743799174,256.171833231463
3856,2592.82174844996,256.233480807615
3857,2596.39605890818,256.295128383768
3858,2599.97036936641,256.356775959921
3859,2603.54467982463,256.418423536073
3860,2607.11899028285,256.480071112226
3861,2610.69330074107,256.541718688378
3862,2614.26761119929,256.603366264531
3863,2617.84192165751,256.665013840684
3864,2621.41623211573,256.726661416836
3865,2624.99054257395,256.788308992989
3866,2628.56485303217,256.849956569142
3867,2632.13916349039,256.911604145294
3868,2635.71347394861,256.973251721447
3869,2639.28778440683,257.034899297599
3870,2642.86209486505,257.096546873752
3871,2646.43640532327,257.158194449905
3872,2650.01071578149,257.219842026057
3873,2653.58502623972,257.28148960221
3874,2657.15933669794,257.343137178363
3875,2660.73364715616,257.404784754515
3876,2664.30795761438,257.466432330668
3877,2667.8822680726,257.52807990682
3878,2671.45657853082,257.589727482973
3879,2675.03088898904,257.651375059126
3880,2678.60519944726,257.713022635278
3881,2682.17950990548,257.774670211431
3882,2685.7538203637,257.836317787584
3883,2689.32813082192,257.897965363736
3884,2692.90244128014,257.959612939889
3885,2696.47675173836,258.021260516041
3886,2700.05106219658,258.082908092194
3887,2703.6253726548,258.144555668347
3888,2707.19968311303,258.206203244499
3889,2710.77399357125,258.267850820652
3890,2714.34830402947,258.329498396805
3891,2717.92261448769,258.391145972957
3892,2721.49692494591,258.45279354911
3893,2725.07123540413,258.514441125262
3894,2728.64554586235,258.576088701415
3895,2732.21985632057,258.637736277568
3896,2735.79416677879,258.69938385372
3897,2739.36847723701,258.761031429873
3898,2742.94278769523,258.822679006026
3899,2746.51709815345,258.884326582178
3900,2750.09140861167,258.945974158331
3901,2753.66571906989,259.007621734483
3902,2757.24002952811,259.069269310636
3903,2760.81433998634,259.130916886789
3904,2764.38865044456,259.192564462941
3905,2767.96296090278,259.254212039094
3906,2771.537271361,259.315859615247
3907,2775.11158181922,259.377507191399
3908,2778.68589227744,259.439154767552
3909,2782.26020273566,259.500802343704
3910,2785.83451319388,259.562449919857
3911,2789.4088236521,259.62409749601
3912,2792.98313411032,259.685745072162
3913,2796.55744456854,259.747392648315
3914,2800.13175502676,259.809040224468
3915,2803.70606548498,259.87068780062
3916,2807.2803759432,259.932335376773
3917,2810.85468640143,259.993982952925
3918,2814.42899685965,260.055630529078
3919,2818.00330731787,260.117278105231
3920,2821.57761777609,260.178925681383
3921,2825.15192823431,260.240573257536
3922,2828.72623869253,260.302220833689
3923,2832.30054915075,260.363868409841
3924,2835.87485960897,260.425515985994
3925,2839.44917006719,260.487163562147
3926,2843.02348052541,260.548811138299
3927,2846.59779098363,260.610458714452
3928,2850.17210144185,260.672106290604
3929,2853.74641190007,260.733753866757
3930,2857.32072235829,260.79540144291
3931,2860.89503281651,260.857049019062
3932,2864.46934327474,260.918696595215
3933,2868.04365373296,260.980344171368
3934,2871.61796419118,261.04199174752
3935,2875.1922746494,261.103639323673
3936,2878.76658510762,261.165286899825
3937,2882.34089556584,261.226934475978
3938,2885.91520602406,261.288582052131
3939,2889.48951648228,261.350229628283
3940,2893.0638269405,261.411877204436
3941,2896.63813739872,261.473524780589
3942,2900.21244785694,261.535172356741
3943,2903.78675831516,261.596819932894
3944,2907.36106877338,261.658467509046
3945,2910.9353792316,261.720115085199
3946,2914.50968968982,261.781762661352
3947,2918.08400014805,261.843410237504
3948,2921.65831060627,261.905057813657
3949,2925.23262106449,261.96670538981
3950,2928.80693152271,262.028352965962
3951,2932.38124198093,262.090000542115
3952,2935.95555243915,262.151648118267
3953,2939.52986289737,262.21329569442
3954,2943.10417335559,262.274943270573
3955,2946.67848381381,262.336590846725
3956,2950.25279427203,262.398238422878
3957,2953.82710473025,262.459885999031
3958,2957.40141518847,262.521533575183
3959,2960.97572564669,262.583181151336
3960,2964.55003610491,262.644828727488
3961,2968.12434656314,262.706476303641
3962,2971.69865702136,262.768123879794
3963,2975.27296747958,262.829771455946
3964,2978.8472779378,262.891419032099
3965,2982.42158839602,262.953066608252
3966,2985.99589885424,263.014714184404
3967,2989.57020931246,263.076361760557
3968,2993.14451977068,263.138009336709
3969,2996.7188302289,263.199656912862
3970,3000.29314068712,263.261304489015
3971,3003.86745114534,263.322952065167
3972,3007.44176160356,263.38459964132
3973,3011.01607206178,263.446247217473
3974,3014.59038252,263.507894793625
3975,3018.16469297822,263.569542369778
3976,3021.73900343645,263.63118994593
3977,3025.31331389467,263.692837522083
3978,3028.88762435289,263.754485098236
3979,3032.46193481111,263.816132674388
3980,3036.03624526933,263.877780250541
3981,3039.61055572755,263.939427826694
3982,3043.18486618577,264.001075402846
3983,3046.75917664399,264.062722978999
3984,3050.33348710221,264.124370555151
3985,3053.90779756043,264.186018131304
3986,3057.48210801865,264.247665707457
3987,3061.05641847687,264.309313283609
3988,3064.63072893509,264.370960859762
3989,3068.20503939331,264.432608435915
3990,3071.77934985153,264.494256012067
3991,3075.35366030976,264.55590358822
3992,3078.92797076798,264.617551164372
3993,3082.5022812262,264.679198740525
3994,3086.07659168442,264.740846316678
3995,3089.65090214264,264.80249389283
3996,3093.22521260086,264.864141468983
3997,3096.79952305908,264.925789045136
3998,3100.3738335173,264.987436621288
3999,3103.94814397552,265.049084197441
4000,3107.52245443374,265.110731773593
4001,3111.09676489196,265.172379349746
4002,3114.67107535018,265.234026925899
4003,3118.2453858084,265.295674502051
4004,3121.81969626662,265.357322078204
4005,3125.39400672484,265.418969654357
4006,3128.96831718307,265.480617230509
4007,3132.54262764129,265.542264806662
4008,3136.11693809951,265.603912382814
4009,3139.69124855773,265.665559958967
4010,3143.26555901595,265.72720753512
4011,3146.83986947417,265.788855111272
4012,3150.41417993239,265.850502687425
4013,3153.98849039061,265.912150263578
4014,3157.56280084883,265.97379783973
4015,3161.13711130705,266.035445415883
4016,3164.71142176527,266.097092992035
4017,3168.28573222349,266.158740568188
4018,3171.86004268171,266.220388144341
4019,3175.43435313993,266.282035720493
4020,3179.00866359816,266.343683296646
4021,3182.58297405638,266.405330872799
4022,3186.1572845146,266.466978448951
4023,3189.73159497282,266.528626025104
4024,3193.30590543104,266.590273601257
4025,3196.88021588926,266.651921177409
4026,3200.45452634748,266.713568753562
4027,3204.0288368057,266.775216329714
4028,3207.60314726392,266.836863905867
4029,3211.17745772214,266.89851148202
4030,3214.75176818036,266.960159058172
4031,3218.32607863858,267.021806634325
4032,3221.9003890968,267.083454210477
4033,3225.47469955502,267.14510178663
4034,3229.04901001324,267.206749362783
4035,3232.62332047147,267.268396938935
4036,3236.19763092969,267.330044515088
4037,3239.77194138791,267.391692091241
4038,3243.34625184613,267.453339667393
4039,3246.92056230435,267.514987243546
4040,3250.49487276257,267.576634819699
4041,3254.06918322079,267.638282395851
4042,3257.64349367901,267.699929972004
4043,3261.21780413723,267.761577548156
4044,3264.79211459545,267.823225124309
4045,3268.36642505367,267.884872700462
4046,3271.94073551189,267.946520276614
4047,3275.51504597011,268.008167852767
